{
  "alpha衰变理论-库伦势垒.md": 1780639386.318645,
  "Auratask-简洁的任务管理.md": 1781194677.9670458,
  "Fortran-01.md": 1780850479.127239,
  "Fortran-02.md": 1780850474.6191993,
  "How to build your own blog.md": 1777137196.2420099,
  "一个简单的蒙卡乘加抽样.md": 1777136950.3218877,
  "关于vibe-coding.md": 1781279588.1773207,
  "昙花愿.md": 1781348325.4572463,
  "春有百花.md": 1781346481.093806,
  "诗吟刀啸.md": 1780043601.1564705,
  "高斯求积.md": 1777136875.4774582
}
