{
  "AI时代的我们.md": 1784451332.619164,
  "Fortran-01.md": 1782840819.351907,
  "Fortran-02.md": 1782840819.3520575,
  "How to build your own blog.md": 1782840819.3521419,
  "auratask-简洁的任务管理.md": 1782840819.352304,
  "macbook配置.md": 1784355134.149077,
  "昙花愿.md": 1782840819.3528016,
  "春有百花.md": 1782840819.35293,
  "概率的世界.md": 1784451262.304393,
  "高斯求积.md": 1782840819.3532531
}
