{
  "alpha衰变理论-库伦势垒.md": 1777136999.3715644,
  "auratask-简洁的任务管理工具.md": 1780042957.3343856,
  "Fortran-01.md": 1779034932.259188,
  "Fortran-02.md": 1777356235.9645257,
  "git.md": 1780042069.7454946,
  "How to build your own blog.md": 1777137196.2420099,
  "一个简单的蒙卡乘加抽样.md": 1777136950.3218877,
  "关于vibe-coding.md": 1779689290.3902588,
  "抖音直播自动录制工具.md": 1780050408.5154717,
  "诗吟刀啸.md": 1780043601.1564705,
  "高斯求积.md": 1777136875.4774582
}
