{
  "alpha衰变理论-库伦势垒.md": 1777136999.3715644,
  "Fortran-01.md": 1779034932.259188,
  "Fortran-02.md": 1777356235.9645257,
  "How to build your own blog.md": 1777137196.2420099,
  "Web collection.md": 1778953749.5781064,
  "一个简单的蒙卡乘加抽样.md": 1777136950.3218877,
  "关于vibe-coding.md": 1779348806.4095874,
  "抖音直播自动录制工具.md": 1777906528.181769,
  "科研作图.md": 1779100428.8526409,
  "高斯求积.md": 1777136875.4774582
}
