{
  "alpha衰变理论-库伦势垒.md": 1780639386.318645,
  "Auratask-简洁的任务管理.md": 1780849985.1680498,
  "AutoStreamSync-抖音直播自动录制.md": 1780850131.6832733,
  "Fortran-01.md": 1780850479.127239,
  "Fortran-02.md": 1780850474.6191993,
  "How to build your own blog.md": 1777137196.2420099,
  "一个简单的蒙卡乘加抽样.md": 1777136950.3218877,
  "关于vibe-coding.md": 1779689290.3902588,
  "诗吟刀啸.md": 1780043601.1564705,
  "高斯求积.md": 1777136875.4774582
}
