{
  "alpha衰变理论-库伦势垒.md": 1766019215.5062096,
  "Fortran-01-Hello-World.md": 1777125174.6330626,
  "Fortran-02.md": 1777125131.956732,
  "Hexo Blog.md": 1776663230.1222827,
  "Python数据结构.md": 1776662297.256017,
  "skills的重要性.md": 1776664733.6993153,
  "Web collection.md": 1777108118.2182062,
  "一个简单的蒙卡乘加抽样.md": 1776661568.566249,
  "写在期末.md": 1776616828.1450055,
  "诗吟刀啸.md": 1777106047.775349,
  "高斯求积.md": 1777106020.5522354
}
