{
  "Fortran-01.md": 1782840819.351907,
  "Fortran-02.md": 1782840819.3520575,
  "How to build your own blog.md": 1782840819.3521419,
  "alpha衰变理论-库伦势垒.md": 1782840819.352231,
  "auratask-简洁的任务管理.md": 1782840819.352304,
  "macbook配置.md": 1784184509.347696,
  "一个简单的蒙卡乘加抽样.md": 1782840819.3524885,
  "关于vibe-coding.md": 1782840819.3526027,
  "嘿嘿.md": 1782917360.989706,
  "昙花愿.md": 1782840819.3528016,
  "春有百花.md": 1782840819.35293,
  "概率的世界.md": 1782840819.3530304,
  "诗吟刀啸.md": 1782840819.3531625,
  "高斯求积.md": 1782840819.3532531
}
