{
  "alpha衰变理论-库伦势垒.md": 1777136999.3715644,
  "Fortran-01.md": 1777125174.6330626,
  "Fortran-02.md": 1777125131.956732,
  "How to build your own blog.md": 1777137196.2420099,
  "Python数据结构.md": 1776662297.256017,
  "Web collection.md": 1777137285.5779123,
  "一个简单的蒙卡乘加抽样.md": 1777136950.3218877,
  "写在期末.md": 1777136914.7204313,
  "诗吟刀啸.md": 1777106047.775349,
  "高斯求积.md": 1777136875.4774582
}
